CA-01_0006501.jpg,25
CA-01_0006502.jpg,25
CA-01_0006503.jpg,11
CA-01_0006504.jpg,25
CA-01_0006505.jpg,11
CA-01_0006506.jpg,11
CA-01_0006507.jpg,25
CA-01_0006508.jpg,25
CA-01_0006509.jpg,11
CA-01_0006510.jpg,11
CA-01_0006511.jpg,25
CA-01_0006512.jpg,25
CA-01_0006513.jpg,11
CA-01_0006514.jpg,11
CA-01_0006685.jpg,14
CA-01_0006686.jpg,14
CA-01_0006687.jpg,14
CA-01_0006688.jpg,14
CA-01_0006689.jpg,14
CA-01_0006690.jpg,14
CA-01_0006691.jpg,27
CA-01_0006692.jpg,27
CA-01_0006693.jpg,27
CA-01_0006694.jpg,27
CA-01_0006695.jpg,22
CA-01_0006696.jpg,22
CA-01_0006697.jpg,22
CA-01_0006698.jpg,22
CA-01_0006699.jpg,22
CA-01_0006700.jpg,27
CA-01_0006701.jpg,27
CA-01_0006702.jpg,27
CA-01_0006703.jpg,27
CA-01_0006704.jpg,27
CA-01_0006705.jpg,14
CA-01_0006706.jpg,14
CA-01_0006707.jpg,14
CA-01_0006708.jpg,14
CA-01_0006709.jpg,14
CA-01_0006710.jpg,3
CA-01_0006711.jpg,3
CA-01_0006712.jpg,3
CA-01_0006713.jpg,3
CA-01_0006714.jpg,3
CA-01_0006715.jpg,27
CA-01_0008096.JPG,1
CA-01_0008097.JPG,1
CA-01_0008098.JPG,27
CA-01_0008099.JPG,27
CA-01_0008100.JPG,27
CA-01_0008101.JPG,1
CA-01_0008102.JPG,1
CA-01_0008103.JPG,1
CA-01_0008104.JPG,27
CA-01_0008105.JPG,27
CA-01_0008106.JPG,1
CA-01_0008107.JPG,1
CA-01_0008108.JPG,1
CA-01_0008109.JPG,1
CA-01_0008110.JPG,1
CA-01_0008111.JPG,1
CA-01_0008112.JPG,1
CA-01_0008113.JPG,1
CA-01_0008114.JPG,1
CA-01_0008115.JPG,1
CA-01_0008116.JPG,1
CA-01_0008117.JPG,1
CA-01_0008118.JPG,1
CA-01_0008119.JPG,1
CA-01_0008120.JPG,1
CA-01_0008121.JPG,1
CA-01_0008122.JPG,1
CA-01_0008123.JPG,1
CA-01_0008124.JPG,1
CA-01_0008125.JPG,1
CA-01_0008126.JPG,1
CA-01_0008127.JPG,1
CA-01_0008128.JPG,1
CA-01_0008129.JPG,1
CA-01_0008130.JPG,1
CA-01_0008131.JPG,1
CA-01_0008132.JPG,1
CA-01_0008133.JPG,1
CA-01_0008134.JPG,1
CA-01_0008135.JPG,1
CA-01_0008136.JPG,1
CA-01_0008137.JPG,1
CA-01_0008138.JPG,1
CA-01_0008139.JPG,1
CA-01_0008140.JPG,1
CA-01_0008141.JPG,1
CA-01_0008142.JPG,1
CA-01_0008143.JPG,1
CA-01_0008144.JPG,1
CA-01_0008145.JPG,1
CA-01_0008146.JPG,1
CA-01_0008147.JPG,1
CA-01_0008148.JPG,1
CA-01_0008149.JPG,1
CA-01_0008150.JPG,1
CA-01_0008151.JPG,1
CA-01_0008152.JPG,1
CA-01_0008153.JPG,1
CA-01_0008154.JPG,1
CA-01_0008155.JPG,1
CA-01_0008156.JPG,1
CA-01_0008157.JPG,1
CA-01_0008158.JPG,1
CA-01_0008159.JPG,1
CA-01_0008160.JPG,1
CA-01_0008161.JPG,1
CA-01_0008162.JPG,1
CA-01_0008163.JPG,1
CA-01_0008164.JPG,1
CA-01_0008165.JPG,1
CA-01_0008166.JPG,1
CA-01_0008167.JPG,1
CA-01_0008168.JPG,1
CA-01_0008169.JPG,1
CA-01_0008170.JPG,1
CA-01_0008171.JPG,1
CA-01_0008172.JPG,1
CA-01_0008173.JPG,1
CA-01_0008174.JPG,1
CA-01_0008175.JPG,1
CA-01_0008176.JPG,1
CA-01_0008177.JPG,1
CA-01_0008178.JPG,1
CA-01_0008179.JPG,1
CA-01_0008180.JPG,1
CA-01_0008181.JPG,1
CA-01_0008182.JPG,1
CA-01_0008183.JPG,1
CA-01_0008184.JPG,1
CA-01_0008185.JPG,1
CA-01_0008186.JPG,1
CA-01_0008187.JPG,1
CA-01_0008188.JPG,1
CA-01_0008189.JPG,1
CA-01_0008190.JPG,1
CA-01_0008191.JPG,1
CA-01_0008192.JPG,1
CA-01_0008193.JPG,1
CA-01_0008194.JPG,1
CA-01_0008195.JPG,1
CA-01_0008196.JPG,1
CA-01_0008197.JPG,1
CA-01_0008198.JPG,1
CA-01_0008199.JPG,1
CA-01_0008200.JPG,27
CA-01_0008201.JPG,1
CA-01_0008202.JPG,1
CA-01_0008203.JPG,1
CA-01_0008204.JPG,1
CA-01_0008205.JPG,27
CA-01_0008206.JPG,1
CA-01_0008207.JPG,1
CA-01_0008208.JPG,1
CA-01_0008209.JPG,1
CA-01_0008210.JPG,1
CA-01_0008211.JPG,1
CA-01_0008212.JPG,1
CA-01_0008213.JPG,1
CA-01_0008214.JPG,1
CA-01_0008215.JPG,1
CA-01_0008216.JPG,1
CA-01_0008217.JPG,1
CA-01_0008218.JPG,1
CA-01_0008219.JPG,1
CA-01_0008220.JPG,1
CA-01_0008221.JPG,1
CA-01_0008222.JPG,1
CA-01_0008223.JPG,1
CA-01_0008224.JPG,27
CA-01_0008225.JPG,27
CA-01_0008226.JPG,1
CA-01_0008227.JPG,1
CA-01_0008228.JPG,1
CA-01_0008229.JPG,1
CA-01_0008230.JPG,1
CA-01_0008231.JPG,1
CA-01_0008232.JPG,1
CA-01_0008233.JPG,1
CA-01_0008234.JPG,1
CA-01_0008235.JPG,1
CA-01_0008236.JPG,27
CA-01_0008237.JPG,27
CA-01_0008238.JPG,27
CA-01_0008239.JPG,27
CA-01_0008240.JPG,27
CA-01_0008241.JPG,1
CA-01_0008242.JPG,1
CA-01_0008243.JPG,1
CA-01_0008244.JPG,27
CA-01_0008245.JPG,27
CA-01_0008246.JPG,1
CA-01_0008247.JPG,1
CA-01_0008248.JPG,1
CA-01_0008249.JPG,1
CA-01_0008250.JPG,1
CA-01_0008251.JPG,1
CA-01_0008252.JPG,1
CA-01_0008253.JPG,1
CA-01_0008254.JPG,1
CA-01_0008255.JPG,27
CA-01_0008256.JPG,13
CA-01_0008257.JPG,13
CA-01_0008258.JPG,13
CA-01_0008259.JPG,13
CA-01_0008260.JPG,27
CA-01_0008261.JPG,27
CA-01_0008262.JPG,27
CA-01_0008263.JPG,27
CA-01_0008264.JPG,27
CA-01_0008265.JPG,27
CA-01_0008266.JPG,15
CA-01_0008267.JPG,27
CA-01_0008268.JPG,27
CA-01_0008269.JPG,27
CA-01_0008270.JPG,27
CA-01_0008271.JPG,1
CA-01_0008272.JPG,1
CA-01_0008273.JPG,1
CA-01_0008274.JPG,1
CA-01_0008275.JPG,1
CA-01_0008276.JPG,1
CA-01_0008277.JPG,1
CA-01_0008278.JPG,1
CA-01_0008279.JPG,1
CA-01_0008280.JPG,1
CA-01_0008281.JPG,1
CA-01_0008282.JPG,1
CA-01_0008283.JPG,1
CA-01_0008284.JPG,1
CA-01_0008285.JPG,1
CA-01_0008286.JPG,1
CA-01_0008287.JPG,1
CA-01_0008288.JPG,1
CA-01_0008289.JPG,1
CA-01_0008290.JPG,1
CA-01_0008291.JPG,1
CA-01_0008292.JPG,1
CA-01_0008293.JPG,1
CA-01_0008294.JPG,1
CA-01_0008295.JPG,1
CA-01_0008296.JPG,1
CA-01_0008297.JPG,1
CA-01_0008298.JPG,1
CA-01_0008299.JPG,1
CA-01_0008300.JPG,1
CA-01_0008301.JPG,1
CA-01_0008302.JPG,1
CA-01_0008303.JPG,1
CA-01_0008304.JPG,1
CA-01_0008305.JPG,1
CA-01_0008306.JPG,1
CA-01_0008307.JPG,1
CA-01_0008308.JPG,1
CA-01_0008309.JPG,1
CA-01_0008310.JPG,1
CA-01_0008311.JPG,1
CA-01_0008312.JPG,1
CA-01_0008313.JPG,1
CA-01_0008314.JPG,1
CA-01_0008315.JPG,1
CA-01_0008316.JPG,1
CA-01_0008317.JPG,1
CA-01_0008318.JPG,1
CA-01_0008319.JPG,1
CA-01_0008320.JPG,1
CA-01_0008321.JPG,1
CA-01_0008322.JPG,1
CA-01_0008323.JPG,1
CA-01_0008324.JPG,1
CA-01_0008325.JPG,1
CA-01_0008326.JPG,1
CA-01_0008327.JPG,1
CA-01_0008328.JPG,1
CA-01_0008329.JPG,1
CA-01_0008330.JPG,1
CA-01_0008331.JPG,1
CA-01_0008332.JPG,1
CA-01_0008333.JPG,1
CA-01_0008334.JPG,27
CA-01_0008335.JPG,1
CA-01_0008336.JPG,1
CA-01_0008337.JPG,1
CA-01_0008338.JPG,1
CA-01_0008339.JPG,1
CA-01_0008340.JPG,1
CA-01_0008341.JPG,1
CA-01_0008342.JPG,1
CA-01_0008343.JPG,1
CA-01_0008344.JPG,1
CA-01_0008345.JPG,1
CA-01_0008346.JPG,1
CA-01_0008347.JPG,1
CA-01_0008348.JPG,1
CA-01_0008349.JPG,1
CA-01_0008350.JPG,1
CA-01_0008351.JPG,1
CA-01_0008352.JPG,1
CA-01_0008353.JPG,1
CA-01_0008354.JPG,1
CA-01_0008355.JPG,27
CA-01_0008356.JPG,1
CA-01_0008357.JPG,1
CA-01_0008358.JPG,1
CA-01_0008359.JPG,1
CA-01_0008360.JPG,1
CA-01_0008361.JPG,1
CA-01_0008362.JPG,1
CA-01_0008363.JPG,1
CA-01_0008364.JPG,1
CA-01_0008365.JPG,1
CA-01_0008366.JPG,1
CA-01_0008367.JPG,1
CA-01_0008368.JPG,1
CA-01_0008369.JPG,1
CA-01_0008370.JPG,1
CA-01_0008371.JPG,1
CA-01_0008372.JPG,1
CA-01_0008373.JPG,1
CA-01_0008374.JPG,27
CA-01_0008375.JPG,27
CA-01_0008376.JPG,1
CA-01_0008377.JPG,1
CA-01_0008378.JPG,1
CA-01_0008379.JPG,27
CA-01_0008380.JPG,27
CA-01_0008381.JPG,27
CA-01_0008382.JPG,27
CA-01_0008383.JPG,27
CA-01_0008384.JPG,27
CA-01_0008385.JPG,27
CA-01_0008386.JPG,20
CA-01_0008387.JPG,20
CA-01_0008388.JPG,20
CA-01_0008389.JPG,20
CA-01_0008390.JPG,20
CA-01_0008391.JPG,21
CA-01_0008392.JPG,21
CA-01_0008393.JPG,21
CA-01_0008394.JPG,21
CA-01_0008395.JPG,21
CA-01_0008396.JPG,21
CA-01_0008397.JPG,21
CA-01_0008398.JPG,21
CA-01_0008399.JPG,21
CA-01_0008400.JPG,21
CA-01_0008401.JPG,21
CA-01_0008402.JPG,21
CA-01_0008403.JPG,21
CA-01_0008404.JPG,21
CA-01_0008405.JPG,21
CA-01_0008406.JPG,11
CA-01_0008407.JPG,25
CA-01_0008408.JPG,27
CA-01_0008409.JPG,11
CA-01_0008410.JPG,11
CA-01_0008411.JPG,11
CA-01_0008412.JPG,11
CA-01_0008413.JPG,11
CA-01_0008414.JPG,11
CA-01_0008415.JPG,11
CA-01_0008416.JPG,11
CA-01_0008417.JPG,11
CA-01_0008418.JPG,11
CA-01_0008419.JPG,11
CA-01_0008420.JPG,11
CA-01_0008421.JPG,11
CA-01_0008422.JPG,11
CA-01_0008423.JPG,11
CA-01_0008424.JPG,11
CA-01_0008425.JPG,11
CA-01_0008426.JPG,11
CA-01_0008427.JPG,27
CA-01_0008428.JPG,27
CA-01_0008429.JPG,11
CA-01_0008430.JPG,27
CA-01_0008431.JPG,11
CA-01_0008432.JPG,11
CA-01_0008433.JPG,11
CA-01_0008434.JPG,11
CA-01_0008435.JPG,11
CA-01_0008436.JPG,11
